Brand Name,Spending 
1st Tier Unifine Pentips,0.2
1st Tier Unifine Pentips Plus,0.21
Abacavir,4.8
Abacavir-Lamivudine,26.98
Abacavir-Lamivudine-Zidovudine,21.53
Abelcet,10.09
Abilify Maintena,1739.18
Abilify*,32.44
Abraxane,1129.98
Absorica,30.41
Abstral,86.92
Acamprosate Calcium,0.95
Acanya,9.01
Acarbose,0.41
Accolate,3.69
Accupril,3.46
Accuretic,3.33
Acebutolol HCl,0.31
Acetamin-Caff-Dihydrocodeine,2.44
Acetaminophen-Codeine,0.21
Acetazolamide,1.86
Acetazolamide ER,2.48
Acetazolamide Sodium,31.76
Acetic Acid*,0.71
Acetylcysteine*,0.85
Aciphex,15.45
Acitretin,21.56
Actemra*,789.58
Acthar,7038.91
Acthib,37.15
Actigall,7.73
Actimmune,7260.65
Actiq,113.79
Activella,7.66
Actonel,127.45
Actoplus Met,8.69
Actoplus Met XR,12.07
Actos,16.13
Acular,37.03
Acular Ls,42.68
Acuvail,8.34
Acyclovir Sodium,0.55
Acyclovir*,1.17
Aczone,7.85
Adacel Tdap,90.79
Adalat Cc,1.82
Adapalene,3.28
Adapalene-Benzoyl Peroxide,6.76
Adcirca,50.88
Adderall,5.38
Adderall XR,5.43
Adefovir Dipivoxil,27.88
Adempas,99.78
Adlyxin,91.64
Adrenalin,6.99
Adrucil,0.35
Advair Diskus,5.76
Advair HFA,30.89
Advocate Pen Needle,0.54
Advocate Pen Needles,0.44
Advocate Syringes,0.45
Advocate Syringes,0.45
Advocate Syringes,0.45
Adzenys XR-ODT,9.45
Afeditab Cr,0.59
Afinitor,425.4
Afinitor Disperz,426.29
Afrezza,3.37
Aggrenox,7.5
Agrylin,7.82
Airduo Respiclick,203.5
Ak-Poly-Bac,4.78
Akten,25.42
Akynzeo,540.65
Ala-Cort,0.72
Ala-Scalp,11.08
Albenza,156.1
Albumin (Human),1.17
Albutein,1.18
Albuterol Sulfate*,0.45
Alclometasone Dipropionate,1.47
Alcohol Pads,0.33
Alcohol Prep Pads,0.29
Alcohol Swab,0.03
Alcohol Swabs,0.02
Alcohol Wipes,0.04
Aldactazide,3.03
Aldactone,2.51
Aldara,60.66
Aldurazyme,168.47
Alecensa,53.51
Alendronate Sodium,1.14
Alfuzosin HCl ER,0.39
Alimta,2262.38
Alinia,60.56
Allopurinol,0.26
Allzital,3.86
Almotriptan Malate,25.69
Alocril,36.62
Alogliptin,6.24
Alogliptin-Metformin,3.13
Alogliptin-Pioglitazone,6.25
Alomide,14.72
Alora,10.67
Alosetron HCl,25.94
Aloxi,88.83
Alphagan P,23.93
Alprazolam,0.11
Alprazolam ER,0.59
Alprazolam Intensol,3.01
Alprazolam ODT,1.52
Alprazolam XR,0.54
Alrex,37.13
Altace,4.83
Altavera,0.49
Altoprev,22.9
Alvesco,35.06
Alyacen,0.62
Amabelz,2.75
Amantadine,1.29
Amaryl,2.82
Ambien,14.96
Ambien Cr,13.07
Ambisome,37.54
Amcinonide,4.84
Amerge,50.53
Amethia,1.59
Amethia Lo,1.75
Amethyst,1.4
Amicar,18.09
Amikacin Sulfate,1.29
Amiloride HCl,0.59
Amiloride-Hydrochlorothiazide,0.4
Aminocaproic Acid*,0.19
Aminosyn II,0.04
Amiodarone HCl*,0.46
Amitiza,5.56
Amitriptyline HCl,0.41
Amlodipine Besylate,0.12
Amlodipine Besylate-Benazepril,0.63
Amlodipine-Atorvastatin,4.71
Amlodipine-Olmesartan,3.19
Amlodipine-Valsartan,1.87
Amlodipine-Valsartan-HCTZ,3.72
Ammonium Lactate,0.08
Amnesteem,7.13
Amoxapine,0.89
Amoxicillin,0.2
Amoxicillin-Clavulanate Pot ER,3.79
Amoxicillin-Clavulanate Potass,0.7
Amphotericin B,0.93
Ampicillin Sodium*,6.02
Ampicillin Trihydrate,0.24
Ampicillin-Sulbactam*,0.96
Ampyra,33.95
Amrix,29.34
Anadrol-50,38.76
Anafranil,30.16
Anagrelide HCl,2.08
Analpram HC*,5.16
Anaspaz,0.21
Anastrozole,0.34
Ancobon,100.29
Androderm,13.11
Androgel,6.6
Angeliq,4.61
Anoro Ellipta,5.39
Antabuse,6.84
Antara,13.32
Anucort-HC,8.99
Anusol-HC,2.79
Apexicon E,13.44
Apidra,23.37
Apidra Solostar,30.05
Aplenzin,83.36
Apokyn,341.7
Apraclonidine HCl,12.1
Aprepitant,163.45
Apri,0.56
Apriso,3.49
Aptensio XR,7.01
Aptiom,25.28
Aptivus,11.89
Aralast NP,0.53
Aranelle,0.88
Aranesp,1541.77
Arava,37.35
Arcalyst,5093
Arcapta Neohaler,7.79
Arestin,97.87
Aricept,15.47
Arimidex,15.43
Aripiprazole,12.78
Aripiprazole ODT,29.9
Aristada,696.47
Arixtra,192.66
Armodafinil,10.75
Armour Thyroid,0.67
Arnuity Ellipta,5.73
Aromasin,26.33
Arthrotec 50,5.95
Arthrotec 75,5.95
Arymo ER,7.74
Arzerra,108.65
Asacol Hd,6.92
Ascomp With Codeine,1.43
Ashlyna,1.67
Asmanex,201.94
Asmanex HFA,14.49
Aspirin-Dipyridamole ER,4.94
Assure Id Insulin Safety,0.32
Assure Id Insulin Safety,0.28
Astagraf XL,8.35
Astepro,4.96
Atacand,3.65
Atacand HCT,4.37
Atelvia,52.66
Atenolol,0.1
Atenolol-Chlorthalidone,0.45
Ativan*,26.08
Atomoxetine HCl,7.11
Atorvastatin Calcium,0.31
Atovaquone,4.1
Atovaquone-Proguanil HCl,3.98
Atralin,11.52
Atripla,79.98
Atropine Sulfate*,6.92
Atrovent HFA,23.2
Aubagio,205.37
Augmentin,22.87
Auryxia,4.79
Austedo,71.56
Autoshield Duo Pen Needle,0.62
Autoshield Pen Needle,0.48
Auvi-Q,2258.7
Avalide,6.62
Avandia,4.89
Avapro,5.91
Avastin,182.19
Avc,1.77
Aveed,282.77
Avelox,30.3
Aviane,0.51
Avita,3.21
Avodart,5.51
Avonex,5754.61
Avonex,1444.42
Avonex Pen,5749.48
Avycaz,11.69
Aygestin,3.97
Azacitidine,426.84
Azactam,5.59
Azactam-Iso-Osmotic Dextrose,0.95
Azasan,9.66
Azasite,62.4
Azathioprine,0.55
Azelastine HCl*,2.72
Azelex,10.84
Azilect,20.02
Azithromycin*,1.21
Azopt,24.52
Azor,7.94
Aztreonam,3.7
Azulfidine,1.26
Azurette,0.74
B-D Single Use Alcohol Swab,0.03
BCG (Tice Strain),140.73
BCG Vaccine (Tice Strain),147.06
Bacitracin*,22.64
Bacitracin-Polymyxin,4.91
Baclofen*,0.26
Bactrim,1.36
Bactrim Ds,2.52
Bactroban,5.19
Bactroban Nasal,13.72
Balsalazide Disodium,0.6
Balziva,0.81
Band-Aid Gauze Pads,0.11
Banzel,14.55
Baraclude,40.94
Basaglar Kwikpen U-100,21.33
Bd Insulin Syringe,0.24
Bd Insulin Syringe Micro-Fine,0.21
Bd Insulin Syringe Micro-Fine,0.27
Bd Insulin Syringe Ult-Fine II,0.26
Bd Insulin Syringe Ult-Fine II,0.26
Bd Insulin Syringe Ult-Fine II,0.27
Bd Insulin Syringe Ultra-Fine,0.27
Bd Insulin Syringe Ultra-Fine,0.27
Beconase Aq,9.92
Bekyree,0.81
Belbuca,7.91
Belladonna-Opium,25.49
Belsomra,9.53
Belviq,3.89
Belviq XR,8.5
Benazepril HCl,0.13
Benazepril-Hydrochlorothiazide,1.13
Bendeka,599.7
Benicar,6.52
Benicar HCT,6.98
Benlysta*,915.41
Bensal HP,27.2
Bentyl*,1.83
Benzaclin,8.97
Benzamycin,8.2
Benzonatate,0.4
Benztropine Mesylate*,0.22
Bepreve,34.83
Berinert,2795.05
Besivance,28.03
Betadine,0.64
Betamethasone Diprop Augmented,2.17
Betamethasone Diprop Augmented,1.26
Betamethasone Dipropionate,1.48
Betamethasone Sod Phos-Acetate,0.65
Betamethasone Valerate,0.86
Betapace,18.17
Betapace Af,11.29
Betaseron,440.73
Betaxolol HCl*,6.27
Bethanechol Chloride,0.69
Bethkis,25.7
Betimol,20.64
Betoptic S,26.5
Bevespi Aerosphere,31.27
Bexarotene,200.54
Bexsero,296.98
Beyaz,5.4
Bicalutamide,0.67
Bicillin C-R,47.82
Bicillin L-A,59.48
Bicnu,18.58
Bidil,2.96
Biltricide,79.1
Bimatoprost*,38.37
Binosto,43.48
Bisoprolol Fumarate,0.51
Bisoprolol-Hydrochlorothiazide,0.18
Bivigam,13.16
Bleomycin Sulfate,66.78
Bleph-10,16.09
Blephamide,22.65
Blephamide S.O.P.,33.36
Blincyto,1499.34
Blisovi 24 Fe,1.77
Blisovi Fe,0.57
Boniva*,173.66
Boostrix Tdap,107.67
Bosulif,217.67
Botox,825
Breo Ellipta,5.02
Briellyn,0.8
Brilinta,5.09
Brimonidine Tartrate,7.28
Brisdelle,6.04
Briviact*,15.84
Bromfenac Sodium,65.29
Bromocriptine Mesylate,3.37
Bromsite,49.66
Brovana,7.03
Bss,0.86
Budesonide EC,9.52
Budesonide*,4.18
Bumetanide*,0.74
Bunavail,9.11
Bupap,13.05
Buphenyl,28.29
Bupivacaine HCl,0.05
Bupivacaine HCl,0.11
Buprenex,13.98
Buprenorphine,89.73
Buprenorphine HCl*,1.78
Buprenorphine-Naloxone,5.13
Bupropion HCl,0.5
Bupropion HCl SR,0.36
Bupropion XL,0.84
Buspirone HCl,0.21
Butalb-Acetaminoph-Caff-Codein,4.42
Butalb-Caff-Acetaminoph-Codein,1.01
Butalbital Compound-Codeine,1.53
Butalbital-Acetaminophen,1.24
Butalbital-Acetaminophen-Caffe,0.82
Butalbital-Aspirin-Caffeine,1.02
Butisol Sodium,3.78
Butorphanol Tartrate*,13.96
Butrans,98.95
Bydureon,137.68
Bydureon Bcise,181.09
Bydureon Pen,138.84
Byetta,302.45
Bystolic,3.52
Byvalson,3.62
C-Nate DHA,1.7
Cabergoline,11.87
Cabometyx,492.68
Caduet,12.17
Cafergot,11.53
Calan,2.93
Calan SR,6.15
Calcipotriene,4.18
Calcipotriene-Betamethasone Dp,8.07
Calcitonin-Salmon,14.31
Calcitrene,4.25
Calcitriol*,0.66
Calcium Acetate,0.47
Calquence,239.91
Cambia,48.93
Camila,0.54
Camptosar,12.61
Camrese,1.65
Camrese Lo,1.82
Canasa,29.09
Cancidas,18.83
Candesartan Cilexetil,2.23
Candesartan-Hydrochlorothiazid,2.47
Capex Shampoo,3.14
Caprelsa,289.69
Captopril,1.11
Captopril-Hydrochlorothiazide,1.72
Carac,81.21
Carafate,0.38
Carbaglu,182.4
Carbamazepine,0.63
Carbamazepine ER,1.6
Carbatrol,1.78
Carbidopa,7.52
Carbidopa-Levodopa,0.2
Carbidopa-Levodopa ER,0.52
Carbidopa-Levodopa-Entacapone,2.3
Carbinoxamine Maleate,0.51
Carboplatin,1.2
Cardizem,7.98
Cardizem CD,35.02
Cardizem La,3.26
Cardura,3.43
Cardura XL,3.82
Carefine Pen Needle,0.29
Caretouch Alcohol Prep Pad,0.09
Caretouch Pen Needle,0.24
Carisoprodol,0.16
Carisoprodol-Aspirin-Codeine,1.86
Carnitor,0.27
Carnitor SF,0.31
Carnitor*,0.94
Carteolol HCl,1.76
Cartia Xt,0.54
Carvedilol,0.08
Carvedilol ER,7.13
Casodex,17.19
Caspofungin Acetate,22.9
Catapres,2.85
Catapres-Tts 1,49.7
Catapres-Tts 2,85.94
Catapres-Tts 3,117.5
Caverject,82.12
Cayston,90.55
Caziant,0.71
Cefaclor,1.63
Cefaclor ER,12.55
Cefadroxil,0.55
Cefazolin Sodium*,0.83
Cefazolin Sodium-Dextrose,0.41
Cefdinir,1.53
Cefepime,0.56
Cefepime HCl,1.94
Cefepime-Dextrose,4.12
Cefixime,5.55
Cefotan,10.41
Cefotaxime Sodium,1.55
Cefotetan*,5.67
Cefoxitin,5.45
Cefoxitin Sodium,13.13
Cefpodoxime Proxetil,5.4
Cefprozil,1.88
Ceftazidime,0.98
Ceftazidime,1.3
Ceftriaxone,0.77
Ceftriaxone*,2.66
Cefuroxime,1.98
Cefuroxime Sodium*,2.53
Celebrex,8.87
Celecoxib,2.19
Celestone,7.31
Celexa,7.28
Cellcept,11.92
Celontin,3.13
Centany,6.43
Cephalexin,0.25
Cerdelga,432.38
Cerebyx,12.46
Cerezyme,952.18
Cesamet,36.04
Cetirizine HCl,0.07
Cetylev,4.41
Cevimeline HCl,2.05
Chantix,5.66
Chemet,14.02
Chenodal,491.54
Chlordiazepoxide HCl,0.15
Chlordiazepoxide-Amitriptyline,1.33
Chlordiazepoxide-Clidinium,2.28
Chlorhexidine Gluconate,0.01
Chloroquine Phosphate,3.65
Chlorothiazide,0.64
Chlorpromazine HCl*,6.67
Chlorpropamide,1.31
Chlorthalidone,0.78
Chlorzoxazone,0.36
Cholestyramine,1.36
Cholestyramine Light,1.17
Chorionic Gonadotropin,262.73
Cialis,13.22
Ciclodan,4.38
Ciclopirox,3.96
Ciclopirox,0.67
Cidofovir,47.05
Cilostazol,0.25
Ciloxan,53.13
Cimetidine,0.57
Cimetidine,0.1
Cimzia,3444.26
Cinqair,86.35
Cinryze,2793.92
Cipro,1.33
Cipro,5.51
Cipro HC,25.87
Ciprodex,25.33
Ciprofloxacin,1.02
Ciprofloxacin ER,7.05
Ciprofloxacin HCl*,0.55
Ciprofloxacin-D5W,0.04
Cisplatin,0.34
Citalopram HBr,0.14
Citranatal 90 DHA,1.59
Citranatal Assure,1.56
Citranatal B-Calm,0.89
Citranatal DHA,1.46
Citranatal Harmony,3.1
Citranatal Rx,2.14
Claravis,7.85
Clarinex,6.06
Clarinex-D 12 Hour,4.46
Clarithromycin,1.78
Clarithromycin ER,3.28
Clemastine Fumarate,0.58
Cleocin,43.26
Cleocin HCl,8.36
Cleocin Phosphate*,0.24
Cleocin T,2.59
Clickfine,0.17
Climara,15.68
Climara Pro,37.43
Clindacin Etz,0.45
Clindacin P,0.61
Clindagel,18.89
Clindamycin HCl,0.34
Clindamycin Palmitate HCl,0.39
Clindamycin Pediatric,0.36
Clindamycin Phos-Benzoyl Perox,2.92
Clindamycin Phos-Tretinoin,9.56
Clindamycin Phosphate*,1.35
Clindamycin Phosphate-D5W,0.22
Clindamycin-0.9% NaCl,0.22
Clindamycin-Benzoyl Peroxide,5.79
Clindesse,20.8
Clinimix,0.1
Clinimix,0.29
Clinimix E,0.04
Clinimix E,0.03
Clinimix E,0.09
Clinimix E,0.05
Clinisol,0.08
Clinpro 5000,0.08
Clobetasol Emollient,2.37
Clobetasol Emulsion,4.07
Clobetasol Propionate,3.14
Clobex,4.06
Clocortolone Pivalate,5.41
Clodan,2.07
Cloderm,7.04
Clomiphene Citrate,1.03
Clomipramine HCl,7.36
Clonazepam,0.13
Clonidine,29.13
Clonidine HCl,0.09
Clonidine HCl ER,3.25
Clopidogrel,0.28
Clorazepate Dipotassium,0.9
Clotrimazole*,0.71
Clotrimazole-Betamethasone,0.92
Clozapine,1.4
Clozapine ODT,7.83
Clozaril,12.58
Coartem,4.74
Codeine Sulfate,0.51
Colazal,3.98
Colchicine,5.09
Colcrys,6.18
Colestid,3.05
Colestipol HCl,0.87
Colistimethate,11.75
Colocort,0.1
Coly-Mycin M Parenteral,17.25
Coly-Mycin S,18.63
Colyte With Flavor Packets,0.01
Combigan,26.65
Combipatch,17.6
Combivent Respimat,79.11
Combivir,14.87
Cometriq,180.4
Comfort Ez Insulin Syringe,0.51
Comfort Ez Insulin Syringe,0.51
Comfort Ez Insulin Syringe,0.51
Comfort Ez Pen Needle,0.54
Complera,80.59
Complete Natal DHA,0.39
Completenate,0.55
Compro,7.03
Comtan,6.26
Concept DHA,1.01
Concept Ob,0.92
Concerta,9.41
Constulose,0.02
Contrave,2
Conzip,11.04
Copaxone,396.7
Cordran,551.94
Coreg,3.95
Coreg Cr,7.88
Corgard,4.75
Corlanor,6.6
Cortef,1.06
Cortifoam,24.35
Cortisone Acetate,2.26
Cortisporin,8.09
Cortisporin*,11.78
Corzide,5.92
Cosentyx (2 Syringes),2013.4
Cosentyx Pen,4019.23
Cosentyx Pen (2 Pens),2009.21
Cosentyx Syringe,4056.19
Cosopt,18
Cosopt PF,2.25
Cotellic,99.65
Coumadin*,2.01
Cozaar,3.64
Creon,4.66
Cresemba*,77.87
Crestor,7.79
Crinone,15.43
Crixivan,2.51
Cromolyn Sodium*,0.96
Cryselle,0.63
Cubicin,55.68
Cubicin Rf,224.64
Cuprimine,218.22
Curad Gauze Pads,0.08
Curity,0.04
Curity Alcohol Preps,0.02
Cuvitru,33.56
Cuvposa,1.07
Cyanocobalamin Injection,5.85
Cyclafem,0.64
Cyclobenzaprine HCl,0.2
Cyclogyl,8.06
Cyclomydril,12.11
Cyclopentolate HCl,2.59
Cyclophosphamide*,53.31
Cycloserine,37.5
Cycloset,3.21
Cyclosporine Modified,1.61
Cyclosporine*,4.82
Cymbalta,7.15
CyproHEPtadine HCl,0.61
Cyramza,108.51
Cystadane,8.3
Cystagon,0.73
Cystaran,85.93
Cytarabine,0.58
Cytarabine,1.03
Cytogam,26.02
Cytomel,1.55
Cytotec,3.7
Cytra-K,0.52
Dacarbazine,12.42
Daklinza,757.39
Daliresp,9.71
Dalvance,229.73
Danazol,4.05
Dantrium,1.19
Dantrolene Sodium,1.03
Dapsone*,1.61
Daptacel DTaP,85.04
Daptomycin,57.72
Daraprim,756.07
Darifenacin ER,7.4
Darzalex,93.14
Dasetta,0.61
Daypro,5.66
Daysee,1.68
Daytrana,9.78
Ddavp,81.01
Ddavp*,50.57
Deblitane,0.54
Decitabine,1411.64
Deferoxamine Mesylate,17.56
Delestrogen,35.32
Delzicol,3.04
Demeclocycline HCl,5.75
Demerol,3.85
Demser,281.5
Denavir,146.43
Denta 5000 Plus,0.11
Dentagel,0.1
Depakene,3.71
Depakene,0.94
Depakote,4.36
Depakote ER,4.41
Depakote Sprinkle,1.48
Depen,57.39
Depo-Estradiol,15.85
Depo-Medrol,10.89
Depo-Provera,147.3
Depo-Subq Provera 104,263.65
Depo-Testosterone,15.81
Derma-Smoothe-FS,1.87
Derma-Smoothe-FS,2.16
Dermotic,12.24
Descovy,51
Desipramine HCl,1.67
Desloratadine,0.98
Desmopressin Acetate,22.7
Desmopressin Acetate*,3.68
Desogestr-Eth Estrad Eth Estra,0.93
Desogestrel-Ethinyl Estradiol,0.66
Desonate,7.74
Desonide,2.96
Desowen,1.92
Desoximetasone,2.18
Desoxyn,8.91
Desvenlafaxine ER,5.18
Desvenlafaxine Succinate ER,3.52
Detrol,5.85
Detrol La,9.93
Dexamethasone,0.32
Dexamethasone Intensol,0.76
Dexamethasone Sodium Phosphate,2.4
Dexamethasone Sodium Phosphate*,5.02
Dexedrine,16.26
Dexilant,7.83
Dexmethylphenidate HCl,0.84
Dexmethylphenidate HCl ER,5.6
Dexpak,7.55
Dextroamphetamine Sulfate,1.42
Dextroamphetamine Sulfate ER,3.14
Dextroamphetamine-Amphet ER,3.58
Dextroamphetamine-Amphetamine,0.8
Dextrose 5%-0.2% NaCl,0.01
Dextrose 5%-0.225% NaCl,0.01
Dextrose 5%-0.45% NaCl,0.01
Dextrose 5%-0.45% NaCl-KCl,0
Dextrose 5%-0.9% NaCl,0.01
Dextrose 5%-1/2ns-KCl,0.01
Dextrose 5%-Ns-KCl,0.01
Dextrose 5%-Potassium Chloride,0.01
Dextrose In Lactated Ringers,0.01
Dextrose In Water,0.01
Dextrose In Water,0.03
Dextrose In Water,0.16
Dextrose In Water,0.02
Dialyvite,0.12
Diastat,263.96
Diastat Acudial,309.11
Diazepam*,1.32
Diclofenac Potassium,0.69
Diclofenac Sodium ER,0.52
Diclofenac Sodium*,0.6
Diclofenac Sodium-Misoprostol,2.24
Dicloxacillin Sodium,0.64
Dicyclomine HCl*,0.1
Didanosine,6.22
Differin,4.67
Dificid,177.83
Diflorasone Diacetate,7.31
Diflucan,38.9
Diflunisal,1.25
Digitek,0.85
Digox,0.96
Digoxin*,0.91
Dihydroergotamine Mesylate*,223.18
Dilantin,0.85
Dilantin,0.88
Dilantin-125,0.47
Dilatrate-Sr,3.33
Dilaudid,3.19
Dilaudid,3.43
Dilt-XR,0.63
Diltiazem 12hr ER,2.12
Diltiazem 24hr ER,0.79
Diltiazem 24hr ER (Cd),0.98
Diltiazem 24hr ER (La),2.33
Diltiazem 24hr ER (XR),0.67
Diltiazem HCl*,0.25
Dimenhydrinate,9.35
Diovan,6.41
Diovan HCT,7.83
Dipentum,12.19
Diphenhydramine HCl*,0.72
Diphenoxylate-Atropine,0.42
Diphtheria-Tetanus Toxoids-Ped,86.83
Diprolene,3.56
Dipyridamole,0.35
Disopyramide Phosphate,1.15
Disulfiram,2.43
Ditropan XL,6.06
Diuril,0.25
Divalproex Sodium,0.42
Divalproex Sodium ER,1.75
Divigel,3.51
Dobutamine HCl,0.21
Dobutamine HCl In Dextrose,0.08
Docetaxel,204.28
Dofetilide,5.67
Dolophine HCl,0.6
Donepezil HCl,0.47
Donepezil HCl ODT,0.84
Doryx,30.37
Doryx Mpc,12.44
Dorzolamide HCl,2.01
Dorzolamide-Timolol,2.04
Dovonex,9.39
Doxazosin Mesylate,0.52
Doxepin HCl*,1.03
Doxercalciferol*,15.38
Doxorubicin HCl,2.32
Doxorubicin HCl Liposome,85.06
Doxy 100,1.28
Doxycycline Hyclate*,1.64
Doxycycline Ir-Dr,16.6
Doxycycline Monohydrate,0.78
Dronabinol,5.64
Droplet Pen Needle,0.22
Drospirenone-Eth Estra-Levomef,4.22
Drospirenone-Ethinyl Estradiol,1.52
Droxia,0.79
Duac,6.77
Duavee,4.79
Duet DHA Balanced,2.56
Duetact,17.84
Duexis,20.4
Dulera,18.95
Duloxetine HCl,1.36
Duopa,2.13
Dupixent,719.14
Duragesic,94.79
Duramorph,1.21
Durezol,31.17
Dutasteride,2.38
Dutasteride-Tamsulosin,4.07
Dutoprol,6.04
Duzallo,12.31
Dyazide,1.88
Dymista,7.44
Dyrenium,8.62
Dysport,737.6
E.E.S. 200,3.42
E.E.S. 400,8.89
Easy Comfort Insulin Syringe,0.17
Easy Comfort Insulin Syringe,0.5
Easy Comfort Insulin Syringe,0.5
Easy Comfort Pen Needle,0.55
Easy Comfort Pen Needles,0.55
Easy Touch,0.21
Easy Touch,0.21
Easy Touch,0.21
Easy Touch Alcohol Prep Pads,0.04
Easy Touch Fliplock Insulin,0.28
Easy Touch Insulin Safety,0.3
Easy Touch Insulin Safety,0.31
Easy Touch Insulin Syringe,0.22
Easy Touch Insulin Syringe,0.21
Easy Touch Insulin Syringe,0.21
Easy Touch Pen Needle,0.24
Easy Touch Sheathlock Insulin,0.3
Easy-Touch Insulin Syringe,0.21
Eclipse Syringe,0.4
Econazole Nitrate,2.76
Edarbi,5.44
Edarbyclor,5.32
Edecrin,20.94
Edluar,11.73
Edurant,30.33
Effer-K,0.31
Effexor XR,10.6
Effient,12.44
Efudex,8.04
Egrifta,66.84
Elaprase,1034.33
Elelyso,760.32
Elestrin,3.51
Eletriptan HBr,27.08
Elidel,7.91
Eligard,1511.07
Elinest,0.6
Eliquis,5.88
Elite-Ob,1.13
Elitek,2124.72
Elixophyllin,0.71
Ella,36.86
Elmiron,7.4
Elocon,2.2
Embeda,9.94
Emcyt,12.02
Emend,187.48
Emend,241.65
Emflaza,192.01
Emoquette,0.56
Empliciti,2176.95
Emsam,49.79
Emtriva,17.58
Emverm,371.54
Enablex,10.14
Enalapril Maleate,0.4
Enalapril-Hydrochlorothiazide,0.24
Enbrace Hr,4.2
Enbrel,917.19
Enbrel Mini,1152.48
Enbrel Sureclick,984.44
Endocet,0.58
Endometrin,9.68
Engerix-B Adult,66.55
Engerix-B Pediatric-Adolescent,64.72
Enoxaparin Sodium,29.32
Enpresse,0.63
Enskyce,0.44
Enstilar,14.46
Entacapone,2.56
Entecavir,26.01
Entocort EC,22.32
Entresto,6.57
Entyvio,1338.25
Enulose,0.02
Envarsus XR,7.96
Epaned,2.3
Epclusa,896.45
Epiduo,7.33
Epiduo Forte,9.47
Epinastine HCl,10.69
Epinephrine,54.79
Epipen 2-Pak,272.25
Epipen Jr 2-Pak,274.07
Epitol,0.52
Epivir,3.14
Epivir Hbv,7.37
Eplerenone,2.23
Epogen,191.49
Eprosartan Mesylate,2.43
Epzicom,41.43
Equetro,3.45
Eraxis (Water Diluent),22.94
Erbitux,11.23
Ergoloid Mesylates,5.66
Ergomar,49.84
Ergotamine-Caffeine,9.23
Erivedge,364.06
Errin,0.47
Ertaczo,11.43
Ery,1.08
Ery-Tab,6.57
Erygel,4.42
Eryped 200,3.57
Eryped 400,6.29
Erythrocin Lactobionate,7.27
Erythrocin Stearate,7.88
Erythromycin,1.35
Erythromycin Ethylsuccinate,6.29
Erythromycin*,3.79
Erythromycin-Benzoyl Peroxide,4.34
Esbriet,33.21
Escitalopram Oxalate,0.33
Esgic,3.36
Esomeprazole Magnesium,4.36
Esomeprazole Sodium,37.34
Estarylla,0.51
Estazolam,0.67
Estrace*,6.06
Estradiol Valerate,26.18
Estradiol*,2.72
Estradiol-Norethindrone Acetat,2.86
Estring,331.53
Estropipate,0.53
Estrostep Fe,5.52
Eszopiclone,1.3
Ethacrynic Acid,17.2
Ethambutol HCl,1.02
Ethosuximide,1.13
Ethynodiol-Ethinyl Estradiol,0.71
Etidronate Disodium,4.76
Etodolac,0.82
Etodolac ER,1.99
Etoposide*,1.41
Eucrisa,9.68
Eurax,6.02
Evamist,13.4
Evekeo,5.54
Evista,6.39
Evotaz,50.91
Evoxac,5.72
Evzio,3445.27
Exalgo,28.14
Exelderm,8.9
Exelon,17.49
Exemestane,8.54
Exforge,8.03
Exforge HCT,8.16
Exjade,111.43
Exondys-51,839.84
Extavia,328.58
Eylea,37155.86
Ezetimibe,5.83
Ezetimibe-Simvastatin,4.14
Fabior,8.86
Fabrazyme,3514.78
Falmina,0.51
Famciclovir,1.5
Famotidine,0.1
Famotidine,0.54
Famotidine*,0.16
Fanapt,20.2
Fareston,39.03
Farxiga,12.75
Farydak,1215.02
Faslodex,187.87
Fazaclo,17.49
Felbamate,3.65
Felbatol,11.69
Feldene,9.04
Felodipine ER,0.74
Femara,22.45
Femhrt,4.33
Femring,361.31
Femynor,0.27
Fenofibrate,0.9
Fenofibrate,1.46
Fenofibrate,1.58
Fenofibric Acid,1.82
Fenofibric Acid,2.52
Fenoglide,22.51
Fenoprofen Calcium,2.64
Fentanyl,9.87
Fentanyl Citrate,14.66
Fentanyl Citrate*,1.05
Fentora,88.15
Ferralet 90,1.95
Ferriprox,49.76
Fetzima,9.86
Finacea,5.46
Finasteride,0.31
Fioricet,3.94
Fioricet With Codeine,8.43
Fiorinal,4.05
Fiorinal With Codeine #3,8.56
Firazyr,3223.21
Firmagon,513.33
Flagyl,9.59
Flarex,12.34
Flavoxate HCl,0.83
Flebogamma Dif,6.31
Flecainide Acetate,0.5
Flector,10.12
Flexbumin,1.38
Flolan,50.81
Flomax,6.24
Flovent Diskus,3.06
Flovent HFA,20.52
Fluconazole,2.83
Fluconazole-NaCl,0.08
Flucytosine,96.46
Fludarabine Phosphate,97.24
Fludrocortisone Acetate,0.46
Flumazenil,2.35
Flunisolide,1.87
Fluocinolone Acetonide,1.64
Fluocinolone Acetonide,1.32
Fluocinolone Acetonide Oil,7.68
Fluocinonide,1.72
Fluocinonide-E,1.76
Fluoride,0.12
Fluorometholone,11.37
Fluorouracil*,4.62
Fluoxetine Dr,27.99
Fluoxetine HCl,0.28
Fluphenazine Decanoate,26.42
Fluphenazine HCl*,1.62
Flurandrenolide,6.13
Flurazepam HCl,0.53
Flurbiprofen,0.41
Flurbiprofen Sodium,2.58
Flutamide,0.79
Fluticasone Propionate*,0.68
Fluticasone-Salmeterol,81.29
Fluvastatin ER,5.38
Fluvastatin Sodium,3.16
Fluvoxamine Maleate,0.5
Fluvoxamine Maleate ER,7.38
Fml,20.94
Fml Forte,24.22
Fml S.O.P.,35.27
Focalin,1.17
Focalin XR,10.31
Folbee,0.48
Folic Acid*,0.06
Folivane-Ob,0.76
Folotyn,4480.6
Fondaparinux Sodium,113.39
Forfivo XL,14.1
Fortamet,30.34
Forteo,1032.58
Fortesta,6.4
Fosamax,27.1
Fosamax Plus D,39.28
Fosamprenavir Calcium,15.74
Fosinopril Sodium,0.22
Fosinopril-Hydrochlorothiazide,0.94
Fosphenytoin Sodium,1.38
Fosrenol,10.57
Fragmin,176.62
Freamine III,0.03
Frova,65.89
Frovatriptan Succinate,44.17
Furosemide*,0.09
Fusion Plus,0.93
Fuzeon,57.11
Fyavolv,2.12
Fycompa,20.78
Gabapentin,0.15
Gabitril,9.88
Gablofen,41.85
Galantamine ER,2.68
Galantamine HBr,1.57
Galantamine Hydrobromide,2.53
Gamastan S-D,37.24
Gammagard Liquid,12.87
Gammagard S-D,896.16
Gammaked,12.3
Gammaplex,15.3
Gammaplex,6.98
Gamunex-C,10.34
Ganciclovir Sodium,3.9
Gardasil 9,371.44
Gastrocrom,1.76
Gatifloxacin,32.69
Gattex,30121.15
Gauze Bandage,0.13
Gauze Pad,0.14
Gauze Pads,0.14
Gavilyte-C,0
Gavilyte-G,0
Gavilyte-N,0
Gazyva,141.42
Gelnique,9.76
Gemcitabine HCl,97.05
Gemfibrozil,0.17
Generess Fe,4.5
Generlac,0.02
Gengraf,1.46
Genotropin,196.72
Gentak,4.44
Gentamicin Sulfate In Ns,0.05
Gentamicin Sulfate*,1.7
Gentamicin Sulfate*,0.3
Genvoya,88.49
Geodon,16.88
Geodon,28.71
Gianvi,1.64
Gilenya,221.9
Gilotrif,244.9
Glassia,0.52
Glatiramer Acetate,371.92
Glatopa,159.31
Gleevec,264.02
Gleostine,229.16
Glimepiride,0.17
Glipizide,0.07
Glipizide ER,0.27
Glipizide XL,0.27
Glipizide-Metformin,0.56
Glucagen,252.72
Glucagon Emergency Kit,249.18
Glucophage,1.35
Glucophage XR,1.04
Glucotrol,1.76
Glucotrol XL,1.72
Glucovance,1.28
Glumetza,63.03
Glyburide,0.19
Glyburide Micronized,0.16
Glyburide-Metformin HCl,0.15
Glycopyrrolate*,0.68
Glydo,0.58
Glynase,2.77
Glyset,2.26
Glyxambi,16.72
Gocovri,40.16
Golytely,0.88
Gonitro,6.72
Gralise,6.12
Granisetron HCl,12.27
Granisetron HCl*,9.29
Granix,521.14
Griseofulvin,5.69
Griseofulvin Ultramicrosize,4.35
Guanfacine HCl,0.19
Guanfacine HCl ER,3.06
Guanidine HCl,0.22
Gynazole 1,18.6
Haegarda,2523.05
Halaven,521.67
Halcion,4.14
Haldol,13.07
Haldol Decanoate 100,149.71
Haldol Decanoate 50,82.73
Halobetasol Propionate,2.65
Halog,10.54
Haloperidol,0.63
Haloperidol Decanoate,39.51
Haloperidol Decanoate 100,46.14
Haloperidol Lactate*,2.53
Harvoni,1121.78
Havrix,74.06
Healthy Accents Unifine Pentip,0.21
Heather,0.58
Heparin Sodium,1.87
Heparin Sodium In 0.45% NaCl,0.03
Heparin Sodium*,4.64
Heparin Sodium-D5W,0.03
Hepsera,41.31
Herceptin,3301.67
Hetlioz,403.22
Hiberix,24.02
Hizentra,32.74
Homatropine Hydrobromide,6.95
Horizant,10.64
Humalog,23.51
Humalog Junior Kwikpen,34.08
Humalog Kwikpen U-100,30.52
Humalog Kwikpen U-200,62.86
Humalog Mix 50-50,25.35
Humalog Mix 50-50 Kwikpen,30.8
Humalog Mix 75-25,25.05
Humalog Mix 75-25 Kwikpen,30.65
Humapen Luxura Hd,46.02
Humatrope,855.97
Humira,1935.35
Humira Pen,1944.07
Humira Pen Crohn'S-Uc-Hs,1935.76
Humira Pen Psor-Uveits-Adol Hs,1948.13
Humulin 70-30,11.83
Humulin 70/30 Kwikpen,25.69
Humulin N,7.66
Humulin N Kwikpen,21.37
Humulin R,9.28
Humulin R U-500,63.99
Humulin R U-500 Kwikpen,89.02
Hydralazine HCl*,0.15
Hydrea,1.35
Hydrochlorothiazide,0.1
Hydrocodone-Acetaminophen,0.29
Hydrocodone-Chlorpheniramne ER,0.46
Hydrocodone-Homatropine Mbr,0.13
Hydrocodone-Ibuprofen,0.55
Hydrocortisone,7.97
Hydrocortisone Butyrate,2.67
Hydrocortisone Butyrate,5.57
Hydrocortisone Valerate,2.77
Hydrocortisone*,0.27
Hydrocortisone-Acetic Acid,9.55
Hydromet,0.13
Hydromorphone ER,17.68
Hydromorphone HCl,1.78
Hydromorphone HCl*,0.22
Hydroxychloroquine Sulfate,1.94
Hydroxyurea,0.46
Hydroxyzine HCl*,0.27
Hydroxyzine Pamoate,0.17
Hyoscyamine Sulfate ER,0.74
Hyoscyamine Sulfate*,0.57
Hyosyne,1.06
Hyqvia,16.59
Hysingla ER,13.41
Hyzaar,4.34
IV Prep Wipes,0.25
IVermectin*,4.05
Ibandronate Sodium*,41.12
Ibrance,502
Ibu,0.1
Ibudone,1
Ibuprofen,0.11
Iclusig,486.63
Idhifa,841.9
Ilaris,16488.45
Ilevro,107.21
Imatinib Mesylate,207.93
Imbruvica,114.34
Imfinzi,353.36
Imipenem-Cilastatin Sodium,0.76
Imipramine HCl,0.27
Imipramine Pamoate,8.73
Imiquimod,5.74
Imitrex,67.16
Imitrex*,100.66
Imovax Rabies Vaccine,312.98
Imuran,5.87
Incontrol Pen Needle,0.21
Incruse Ellipta,9.36
Indapamide,0.3
Inderal La,49.34
Indocin*,15.4
Indomethacin,0.19
Indomethacin ER,1.18
Infanrix DTaP,47.42
Inflectra,968.72
Ingrezza,188.23
Inlyta,166.97
Inspra,8.07
Insulin Pen Needle,0.19
Insulin Syringe,0.25
Insulin Syringe,0.21
Insulin Syringe,0.23
Insulin Syringe,0.36
Insulin Syringe,0.25
Insulin Syringe,0.17
Insulin Syringe,0.22
Insulin Syringe U-500,0.29
Insumed,0.33
Insupen,0.18
Integra F,0.56
Intelence,17.28
Intermezzo,9.77
Intralipid,0.1
Intrarosa,6.44
Intron A,187.49
Introvale,0.8
Intuniv,9.66
Invanz*,7.17
Invega,35.73
Invega Sustenna,1473.68
Invega Trinza,2510.81
Invirase,9.39
Invokamet,6.41
Invokamet XR,6.73
Invokana,12.72
Iopidine,26.79
Ipol,52.32
Ipratropium Bromide*,1.12
Ipratropium-Albuterol,0.17
Irbesartan,0.39
Irbesartan-Hydrochlorothiazide,0.55
Iressa,243.75
Irinotecan HCl,18.67
Isentress,21.82
Isentress Hd,23.74
Isibloom,0.77
Isoniazid,0.23
Isopto Carpine,5.65
Isordil,16.52
Isosorbide Dinitrate ER,1.51
Isosorbide Dinitrate*,0.73
Isosorbide Mononitrate,0.21
Isosorbide Mononitrate ER,0.32
Isradipine,1.22
Istalol,55.31
Istodax,2974.6
Itraconazole,4.78
Ixempra,2639.91
Ixiaro,455.53
Jadenu,111.54
Jadenu Sprinkle,122.85
Jakafi,179.13
Jalyn,5.56
Jantoven,0.23
Janumet,5.96
Janumet XR,8.23
Januvia,11.97
Jardiance,12.69
Jencycla,0.3
Jentadueto,5.9
Jentadueto XR,9.35
Jevantique Lo,2.36
Jevtana,6127.13
Jinteli,2.1
Jolessa,0.83
Jolivette,0.56
Jublia,133.39
Juleber,0.5
Juluca,85.82
Junel,0.8
Junel Fe,0.6
Junel Fe 24,1.93
Juxtapid,1135.61
K Effervescent,0.61
K-Phos Neutral,0.5
K-Phos No.2,0.83
K-Phos Original,0.45
K-Tab ER,0.22
Kabiven,0.03
Kadcyla,3244.94
Kadian,20.24
Kaitlib Fe,2.26
Kalbitor,4246.6
Kaletra,7.56
Kalydeco,430.13
Kapvay,5.82
Kariva,0.99
Kazano,5.75
Kelnor 1-35,0.68
Kenalog,7.03
Kenalog-10,0.71
Kenalog-40,1
Keppra XR,7.65
Keppra*,9.09
Kerydin,136.69
Ketoconazole*,0.73
Ketoprofen,2.34
Ketorolac Tromethamine*,4.68
Keveyis,148.13
Kevzara,1331.57
Keytruda,1179.12
Kineret,190.97
Kinrix,105.34
Kionex,0.13
Kisqali,187.07
Kisqali Femara Co-Pack,122.3
Kitabis Pak,15.05
Klaron,2.27
Klonopin,2.63
Klor-Con,6.94
Klor-Con 10,0.37
Klor-Con 8,0.41
Klor-Con M10,0.33
Klor-Con M15,0.83
Klor-Con M20,0.34
Klor-Con Sprinkle,0.56
Klor-Con-Ef,0.65
Kombiglyze XR,8.59
Korlym,396.9
Kristalose,6.77
Krystexxa,19224.03
Kurvelo,0.32
Kuvan,75.48
Kyleena,865.07
Kyprolis,909.3
Labetalol HCl*,0.39
Lac-Hydrin,0.12
Lacrisert,6.85
Lactated Ringers*,0.01
Lactulose,0.02
Lamictal,12.67
Lamictal (Orange),10.52
Lamictal ODT,10.88
Lamictal ODT (Orange),12.46
Lamictal XR,22.02
Lamictal XR (Orange),13.15
Lamivudine,5.12
Lamivudine Hbv,9.57
Lamivudine-Zidovudine,6.01
Lamotrigine,0.17
Lamotrigine (Orange),10.86
Lamotrigine ER,8.54
Lamotrigine ODT,7.37
Lanoxin*,7.39
Lansoprazol-Amoxicil-Clarithro,4.5
Lansoprazole,0.82
Lanthanum Carbonate,9.39
Lantus,24.94
Lantus Solostar,24.7
Larin,0.76
Larin 24 Fe,1.63
Larin Fe,0.57
Larissia,0.42
Lartruvo,49.19
Lasix,0.8
Lastacaft,59.35
Latanoprost,4.19
Latuda,34.21
Layolis Fe,2.75
Lazanda,586.7
Leena,0.88
Leflunomide,3.6
Lemtrada,17355.42
Lenvima,250.38
Lescol XL,8.54
Lessina,0.52
Letairis,282.11
Letrozole,0.44
Leucovorin Calcium*,2.56
Leukeran,18.83
Leukine,247.25
Leuprolide Acetate,360.14
Levalbuterol Concentrate,5.3
Levalbuterol HCl,1.06
Levalbuterol Tartrate HFA,3.92
Levaquin,29.67
Levemir,26.86
Levemir Flextouch,26.4
Levetiracetam ER,0.67
Levetiracetam*,0.28
Levetiracetam-NaCl,0.39
Levitra,42.53
Levo-T,0.54
Levobunolol HCl,1.83
Levocarnitine,0.27
Levocarnitine*,0.68
Levocetirizine Dihydrochloride,0.46
Levofloxacin*,1.34
Levofloxacin-D5W,0.09
Levoleucovorin Calcium,170.3
Levonest,0.6
Levonorg-Eth Estrad Eth Estrad,1.65
Levonorgestrel-Eth Estradiol,0.62
Levora-28,0.61
Levorphanol Tartrate,29.36
Levothyroxine Sodium*,0.38
Levoxyl,0.49
Levsin*,2.98
Levsin-Sl,2.03
Levulan,230.02
Lexapro,8.36
Lexiva,18.03
Lialda,7.82
Librax,39.44
Lidocaine,4.64
Lidocaine HCl Viscous,0.05
Lidocaine HCl*,0.35
Lidocaine HCl*,0.51
Lidocaine HCl-Epinephrine,0.24
Lidocaine-Hydrocortisone*,25.26
Lidocaine-Prilocaine,1
Lidoderm,11.32
Lidorx,5.03
Lillow,0.41
Lincocin,14.05
Lincomycin HCl,11.37
Lindane,1.67
Linezolid,66.87
Linezolid-0.9% NaCl,0.22
Linezolid-D5W,0.25
Linzess,10.69
Lioresal Intrathecal,38.94
Liothyronine Sodium*,0.53
Lipitor,8.9
Lipofen,6.18
Lisinopril,0.11
Lisinopril-Hydrochlorothiazide,0.11
Lite Touch,0.39
Lite Touch,0.37
Lite Touch,0.32
Lite Touch,0.31
Litetouch Insulin Syringe,0.3
Litetouch Insulin Syringe,0.23
Litetouch Insulin Syringe,0.25
Lithium,0.14
Lithium Carbonate,0.11
Lithium Carbonate ER,0.28
Lithobid,7.28
Lithostat,17.06
Livalo,7.04
Lo Loestrin Fe,3.86
Locoid,7.55
Locoid Lipocream,14.28
Lodosyn,13.65
Loestrin,4.67
Loestrin Fe,3.52
Lomotil,2.06
Lonsurf,173.37
Loperamide,0.34
Lopid,4.71
Lopinavir-Ritonavir,2.4
Lopreeza,2.48
Lopressor,1.95
Loprox,6.27
Loprox,3.31
Lorazepam Intensol,1.15
Lorazepam*,0.14
Lorcet,0.28
Lorcet Hd,0.22
Lorcet Plus,0.27
Lortab,0.41
Loryna,1.6
Lorzone,6.95
Losartan Potassium,0.17
Losartan-Hydrochlorothiazide,0.21
Loseasonique,2.85
Lotemax,35.96
Lotensin,1.87
Lotensin HCT,1.94
Lotrel,8.28
Lotrisone,2.73
Lotronex,49.15
Lovastatin,0.17
Lovaza,2.02
Lovenox,27.98
Low-Ogestrel,0.58
Loxapine,0.7
Lucentis,34979.51
Ludent Fluoride,0.09
Luer-Lok Syringe,0.43
Lumigan,58.95
Lumizyme,650.27
Lunesta,13.42
Lupaneta Pack,1764.45
Lupron Depot,2767.77
Lupron Depot-Ped,2802.46
Lutera,0.52
Luxiq,6.05
Luzu,7.1
Lynparza,33.26
Lyrica,5.84
Lysodren,4.81
Lysteda,4.73
M-M-R II Vaccine,62.39
Macrobid,7.01
Macrodantin,7.34
Magellan Insulin Safety Syrng,0.43
Magellan Insulin Safety Syrng,0.39
Magellan Insulin Syringe,0.48
Magnesium Sulfate,0.07
Magnesium Sulfate,0.1
Magnesium Sulfate-D5W,0.09
Makena*,682.25
Malarone,6.37
Malathion,3.2
Mannitol,0.06
Maprotiline HCl,1.18
Marcaine,0.33
Marinol,24.42
Marlissa,0.5
Marplan,4.02
Matulane,67.31
Matzim La,2.34
Mavyret,158.3
Maxalt,35.25
Maxalt Mlt,35.32
Maxi-Comfort,0.25
Maxi-Comfort,0.26
Maxidex,13.88
Maxipime*,1.71
Maxitrol,36.28
Maxzide,3.41
Maxzide-25 Mg,1.53
Meclizine HCl,0.23
Meclofenamate Sodium,4.76
Medrol,1.49
Medroxyprogesterone Acetate*,15.93
Mefenamic Acid,7.68
Mefloquine HCl,5.65
Megace Es,6.65
Megestrol Acetate,0.27
Mekinist,297.03
Melodetta 24 Fe,3.8
Meloxicam,0.12
Melphalan,9.38
Memantine HCl,1.17
Menactra,232.59
Menest,1.92
Menostar,31.02
Mentax,5.9
Menveo A-C-Y-W-135-Dip,121.73
Meperidine HCl,0.7
Meperidine HCl,1.67
Mephyton,57.1
Meprobamate,2.97
Mepron,5.89
Mercaptopurine,2.09
Meropenem,1.18
Meropenem-0.9% NaCl,2.41
Merrem,4.17
Mesalamine,31.6
Mesalamine*,2.81
Mesna,2.2
Mesnex*,80.17
Mestinon,15.71
Metadate ER,1.61
Metaproterenol Sulfate,0.81
Metaxalone,3.36
Metformin ER Gastric,59.96
Metformin ER Osmotic,8.56
Metformin HCl,0.07
Metformin HCl ER,0.09
Methadone HCl*,0.2
Methadone Intensol,0.51
Methadose,0.14
Methamphetamine HCl,5.75
Methazolamide,4.35
Methenamine Hippurate,1.46
Methenamine Mandelate,1.17
Methergine,47.44
Methimazole,0.23
Methitest,35.74
Methocarbamol*,0.16
Methotrexate Sodium,1.61
Methotrexate*,1.92
Methoxsalen,57.48
Methscopolamine Bromide,1.64
Methyclothiazide,1.37
Methyldopa,0.21
Methyldopa-Hydrochlorothiazide,1.43
Methylergonovine Maleate*,19.11
Methylin,0.7
Methylphenidate ER,5.37
Methylphenidate ER (La),4.3
Methylphenidate HCl,0.72
Methylphenidate HCl CD,4.32
Methylphenidate HCl ER (Cd),3.9
Methylphenidate La,4.26
Methylprednisolone,0.8
Methylprednisolone Acetate,7.94
Methylprednisolone Sodium Succ*,3.8
Methyltestosterone,65.2
Metoclopramide HCl ODT,7.23
Metoclopramide HCl*,0.09
Metolazone,1.38
Metoprolol Succinate,0.52
Metoprolol Tartrate*,0.07
Metoprolol-Hydrochlorothiazide,1.05
Metro IV,0.02
Metrocream,11.27
Metrogel,5.54
Metrogel-Vaginal,2.97
Metrolotion,10.62
Metronidazole,0.02
Metronidazole*,0.99
Mexiletine HCl,1.09
Miacalcin*,1161.16
Mibelas 24 Fe,4.08
Micardis,5.66
Micardis HCT,5.45
Miconazole 3,14.05
Micort-HC,5.7
Microgestin,0.73
Microgestin Fe,0.57
Microzide,1.14
Midazolam HCl,2
Midazolam HCl*,2.09
Midodrine HCl,0.87
Migergot,46.77
Miglitol,1.63
Migranal,342.16
Millipred,8.21
Milrinone In 5% Dextrose,0.25
Milrinone Lactate,2.03
Mimvey,2.98
Mimvey Lo,3.04
Minastrin 24 Fe,4.99
Mini Ultra-Thin II,0.29
Minipress,2
Minitran,2.51
Minivelle,15.41
Minocin*,24.11
Minocycline HCl,0.61
Minocycline HCl ER,12.12
Minoxidil,0.23
Mirapex,5.56
Mirapex ER,15.91
Mircette,3.84
Mirena,844.18
Mirtazapine,0.51
Mirvaso,12.34
Misoprostol,0.8
Mitigare,5.53
Mitomycin,339.07
Mitoxantrone HCl,35.93
Mobic,8.87
Modafinil,6.54
Moexipril HCl,0.88
Moexipril-Hydrochlorothiazide,0.86
Mometasone Furoate*,2.99
Mono-Linyah,0.44
Monoject,0.12
Monoject Insulin Safety Syrng,0.4
Monoject Insulin Syringe,0.28
Monoject Insulin Syringe,0.16
Monoject Insulin Syringe,0.34
Mononessa,0.44
Montelukast Sodium,0.36
Monurol,67.81
Morphabond ER,9.43
Morphine Sulfate ER,1.12
Morphine Sulfate*,0.35
Movantik,9.48
Moviprep,83.34
Moxeza,49.69
Moxifloxacin,28.29
Moxifloxacin,0.2
Moxifloxacin HCl,9.84
Mozobil,6077.68
Ms Contin,12.09
Multaq,8.84
Multivitamin With Fluoride,0.28
Mupirocin,0.44
Mupirocin,5.29
Muse,63.07
Myalept,3835.53
Myambutol,1.03
Mycamine,14.51
Mycobutin,22.1
Mycophenolate Mofetil,0.7
Mycophenolic Acid,5
Mydayis,9.12
Myfortic,7.45
Myleran,20.11
Myobloc,571
Myorisan,7.44
Myrbetriq,9.83
Mysoline,31.15
Mytesi,9.69
Myzilra,0.61
NP Thyroid,0.44
NPlate,2154.6
Nabi-Hb,138.68
Nabumetone,0.32
Nadolol,2.1
Nadolol-Bendroflumethiazide,2.8
Nafcillin,0.22
Nafcillin Sodium*,4.38
Naftifine HCl,5.07
Naglazyme,342.62
Nalbuphine HCl,3.66
Nalfon,3.25
Naloxone HCl,14.42
Naltrexone HCl,1.28
Namenda,5.88
Namenda XR,12.01
Namzaric,11.98
Naprelan,20.39
Naproxen,0.13
Naproxen Sodium,1.4
Naproxen Sodium Cr,12.54
Naproxen Sodium Ds,1.53
Naproxen Sodium ER,13.73
Naratriptan HCl,4.77
Narcan,63.33
Nardil,1.8
Nasonex,12.92
Natachew,3.56
Natacyn,20.17
Natazia,5.46
Nateglinide,0.81
Natpara,4292.86
Nebupent,153.1
Nebusal,0.19
Necon,0.7
Needles,0.18
Nefazodone HCl,1.52
Neo-Polycin,10.98
Neo-Polycin HC,12.83
Neo-Synalar,8.52
Neomycin Sulfate,0.93
Neomycin-Bacitracin-Poly-HC,12.59
Neomycin-Bacitracin-Polymyxin,11.07
Neomycin-Polymyxin B,0.16
Neomycin-Polymyxin-Dexameth,3.76
Neomycin-Polymyxin-Gramicidin,4.47
Neomycin-Polymyxin-HC*,5.01
Neomycin-Polymyxin-Hydrocort,4.28
Neoral,3.13
Nerlynx,59.57
Nesina,11.36
Nestabs,1.54
Nestabs DHA,1.73
Neulasta,8858.32
Neupogen,571.85
Neupro,19.06
Neurontin,4.78
Nevanac,76.69
Nevirapine,0.77
Nevirapine ER,16.09
Nexavar,124.18
Nexium,8.27
Nexium I.V.,30.56
Nexplanon,835.69
Niacin ER,2.73
Niacor,0.38
Niaspan,5.08
Nicardipine HCl*,1.55
Nicotrol,1.87
Nicotrol Ns,8.27
Nifedipine,0.95
Nifedipine ER,0.7
Nikki,1.67
Nilandron,213.19
Nilutamide,158.34
Nimodipine,9.81
Ninlaro,2940.93
Nisoldipine,5.76
Nitro-Bid,1.04
Nitrofurantoin,1.82
Nitrofurantoin,1.23
Nitrofurantoin Mono-Macro,1.76
Nitroglycerin Patch,0.83
Nitroglycerin*,9.16
Nitrolingual,36.34
Nitrostat,0.76
Niva-Plus,0.19
Nizatidine,0.43
Nizoral,0.43
Nora-Be,0.57
Norco,3.48
Norditropin Flexpro,609.48
Norethin-Eth Estra-Ferrous Fum,2.6
Norethin-Eth Estra-Ferrous Fum,0.89
Norethindron-Ethinyl Estradiol,1.66
Norethindrone,0.52
Norethindrone Acetate,1.5
Norgestimate-Ethinyl Estradiol,0.52
Noritate,25.74
Norlyda,0.47
Norpace,3.43
Norpace Cr,3.16
Northera,44.28
Nortrel,0.63
Nortriptyline HCl,0.18
Norvasc,5.09
Norvir,8.65
Novarel,183.64
Novofine,0.38
Novofine 32,0.44
Novofine Autocover,0.69
Novofine Plus,0.41
Novolin 70-30,9.93
Novolin N,9.59
Novolin R,11.29
Novolog,24.89
Novolog Flexpen,31.63
Novolog Mix 70-30,25.53
Novolog Mix 70-30 Flexpen,31.44
Novopen Echo,54.62
Novotwist,0.44
Noxafil*,52.84
Nucala,2685.3
Nucynta,5.38
Nucynta ER,9.83
Nuedexta,12.44
Nulev,1.13
Nulojix,873.04
Nulytely With Flavor Packs,0.01
Nuplazid,35.9
Nutrilipid,0.06
Nutropin Aq Nuspin,532.29
Nuvaring,124.91
Nuvigil,19.57
Nyamyc,0.88
Nymalize,3.98
Nystatin*,0.42
Nystatin-Triamcinolone,2.94
Nystop,0.81
O-Cal Fa,0.25
O-Cal Prenatal,0.14
Ob Complete,1.64
Ob Complete One,4.26
Ob Complete Petite,4.21
Ob Complete With DHA,2.2
Ocaliva,198.47
Ocella,1.44
Ocrevus,1375.39
Octagam,9.63
Octreotide Acetate,15.37
Ocuflox,16.22
Odefsey,81.52
Odomzo,339.72
Ofev,142.03
Ofloxacin*,4
Ogestrel,1.22
Olanzapine ODT,4.72
Olanzapine*,0.88
Olanzapine-Fluoxetine HCl,10.05
Olmesartan Medoxomil,4.22
Olmesartan-Amlodipine-HCTZ,4.7
Olmesartan-Hydrochlorothiazide,4.5
Olopatadine HCl*,16.12
Olux,7.6
Olux-E,8.13
Omeclamox-Pak,7.41
Omega-3 Acid Ethyl Esters,1.28
Omeprazole,0.22
Omeprazole-Sodium Bicarbonate,49.07
Omnaris,17.13
Omnipod,41.81
Omnipred,13.7
Omnitrope,422.06
Ondansetron HCl,0.59
Ondansetron HCl*,0.54
Ondansetron ODT,0.76
Onexton,9.12
Onfi,17.06
Onglyza,11.73
Onzetra Xsail,32.16
Opana ER,9.1
Opana*,9
Opdivo,252.69
Opium Tincture,3.85
Opsumit,265.7
Oracea,19.56
Oracit,0.05
Oralair,12.57
Orap,2.14
Oravig,56.85
Orencia,884.41
Orencia,830.33
Orencia Clickject,940.22
Orenitram ER,42.58
Orfadin,107.35
Orkambi,181.64
Orphenadrine Citrate,5.82
Orphenadrine Citrate ER,0.53
Orsythia,0.54
Ortho Micronor,1.46
Ortho Tri-Cyclen,1.43
Ortho Tri-Cyclen Lo,4.86
Oscimin,0.29
Oscimin SR,0.71
Oscimin Sl,0.29
Oseltamivir Phosphate,11.11
Oseni,11.48
Osmoprep,5.57
Osphena,5.83
Otezla,42.97
Otovel,14.81
Otrexup,360.12
Oxacillin,0.44
Oxacillin Sodium*,2.93
Oxaliplatin,270.01
Oxandrolone,9.29
Oxaprozin,1.84
Oxaydo,8.38
Oxazepam,0.83
Oxcarbazepine,0.45
Oxiconazole Nitrate,8.56
Oxistat,12.43
Oxsoralen-Ultra,77.13
Oxtellar XR,9.85
Oxybutynin Chloride,0.4
Oxybutynin Chloride ER,1.15
Oxycodone HCl,0.32
Oxycodone HCl ER,6.72
Oxycodone HCl-Aspirin,0.75
Oxycodone HCl-Ibuprofen,1.02
Oxycodone-Acetaminophen,0.49
Oxycontin,7.97
Oxymorphone HCl,2.21
Oxymorphone HCl ER,5.39
Oxytrol,58.1
Ozurdex,1355.15
PEG 3350-Electrolyte,0
PEG 3350-Electrolyte,0
PEG-3350 And Electrolytes,0
PEG-3350 With Flavor Packs,0
PEGanone,2.1
PEGasys,1422.18
PEGasys Proclick,1881.95
PEGintron,625.29
PNV 29-1,0.49
PNV-DHA,1.57
PNV-DHA + Docusate,1.45
PNV-Select,2.06
Pacerone,2.55
Paclitaxel,1.63
Paliperidone ER,23.16
Pamelor,33.78
Pamidronate Disodium,4.12
Pancreaze,3.03
Pandel,11.21
Panretin,87.71
Pantoprazole Sodium*,0.24
Paregoric,0.54
Paricalcitol*,6.4
Parnate,6.27
Paroex,0.01
Paromomycin Sulfate,4.03
Paroxetine Cr,3.43
Paroxetine ER,3.67
Paroxetine HCl,0.23
Paroxetine Mesylate,4.61
Pataday,64.62
Patanase,8.28
Patanol,46.64
Paxil,4.07
Paxil Cr,5.61
Pazeo,62.73
Pediarix,155.35
Pedvaxhib,84.3
Pen Needle,0.18
Pen Needles,0.35
Penicillin G Potassium,9.46
Penicillin G Procaine,21.7
Penicillin G Sodium,2.77
Penicillin Gk-Iso-Osm Dextrose,0.19
Penicillin V Potassium,0.26
Penlac,89.41
Pennsaid,16.65
Pentacel,110.31
Pentam 300,152.42
Pentasa,4.43
Pentazocine-Naloxone HCl,1.87
Pentips,0.24
Pentoxifylline,0.24
Pepcid,12.32
Percocet,13.64
Perforomist,7.04
Perindopril Erbumine,0.65
Periogard,0.01
Perjeta,319.55
Permethrin,1.2
Perphenazine,1.37
Perphenazine-Amitriptyline,1.31
Pertzye,3.79
Pexeva,12.05
Pfizerpen,1.08
Phenadoz,7.47
Phenazopyridine HCl,1.91
Phenelzine Sulfate,0.6
Phenergan*,2.66
Phenobarbital,0.46
Phenobarbital Sodium,31.76
Phenoxybenzamine HCl,91.95
Phentolamine Mesylate,244.42
Phenylephrine HCl*,12.27
Phenytek,1.73
Phenytoin,0.29
Phenytoin Sodium Extended,0.33
Phenytoin Sodium*,0.44
Philith,0.84
Phoslyra,0.23
Phospha 250 Neutral,0.36
Phosphasal,3.06
Phospholine Iodide,18.13
Picato,301.54
Pilocarpine HCl*,2.54
Pimozide,1.61
Pimtrea,0.89
Pindolol,0.96
Pioglitazone HCl,0.54
Pioglitazone-Glimepiride,10.01
Pioglitazone-Metformin,2.07
Piperacillin-Tazobactam,1.17
Pirmella,0.41
Piroxicam,1.51
Plaquenil,7.87
Plasma-Lyte A pH 7.4,0.01
Plavix,6.36
Plegridy,5775.28
Plegridy Pen,5778.44
Plenamine,0.05
Podofilox,16.92
Polycin,4.95
Polyethylene Glycol 3350,0.18
Polymyxin B Sul-Trimethoprim,0.86
Polymyxin B Sulfate,0.22
Polytrim,5.83
Pomalyst,636.68
Portia,0.5
Potassium Acetate,0.08
Potassium Bicarbonate,0.28
Potassium Chl-Normal Saline,0.01
Potassium Chloride,1.08
Potassium Chloride,0.05
Potassium Chloride*,0.41
Potassium Chloride-NaCl,0.01
Potassium Citrate ER,1.41
Potassium Citrate-Citric Acid,0.08
Potassium Phosphate,0.04
Pradaxa,5.49
Praluent Pen,570.82
Praluent Syringe,567.92
Pramipexole Dihydrochloride,0.3
Pramipexole ER,10.86
Pramosone,2.62
Prandin,5.98
Prasugrel HCl,9.89
Pravachol,4.84
Pravastatin Sodium,0.44
Prazosin HCl,0.57
Precision,0.22
Precision,0.18
Precose,0.99
Pred Forte,22.46
Pred Mild,23.25
Pred-G,28.27
Prednicarbate,1.35
Prednisolone,0.08
Prednisolone Acetate,7.55
Prednisolone Sodium Phos ODT,13.07
Prednisolone Sodium Phosphate*,2.7
Prednisone,0.22
Prednisone Intensol,1.75
Prefest,3.55
Pregnyl,65
Premarin*,6.97
Premphase,5.5
Prempro,5.45
Prenaissance,2.25
Prenaissance Plus,1.6
Prenata,0.36
Prenatal 19,0.27
Prenatal Plus,0.16
Prenatal Plus,0.41
Prenatal Plus-DHA,0.11
Prenatal Vitamin Plus Low Iron,0.3
Prenate Chewable,5.05
Prenate DHA,5.14
Prenate Elite,5.04
Prenate Enhance,5.05
Prenate Essential,5.08
Prenate Mini,5.09
Prenate Pixie,5.59
Preplus,0.29
Prepopik,58.31
Pretab,0.43
Prevacid,12.74
Prevalite,1.71
Prevident,0.12
Prevident 5000,0.13
Prevident 5000 Enamel Protect,0.13
Prevident 5000 Plus,0.23
Prevident 5000 Sensitive,0.13
Previfem,0.47
Prezcobix,52.38
Prezista,38.55
Prialt,504.76
Priftin,3.88
Prilosec,6.91
Primacare,6.07
Primaquine,1.67
Primaxin,2.83
Primidone,0.18
Primlev,16.29
Prinivil,1.49
Pristiq,9.44
Privigen,13.35
Pro Comfort Alcohol Pads,0.25
Pro Comfort Pen Needle,0.69
Proair HFA,6.25
Proair Respiclick,49.57
Probenecid,0.56
Probenecid-Colchicine,0.69
Procalamine,0.03
Procardia,1.99
Procardia XL,6.69
Prochlorperazine,6.93
Prochlorperazine Edisylate,8.29
Prochlorperazine Maleate,0.19
Procrit,456.74
Procto-Med HC,1.73
Procto-Pak,1.05
Proctocort,12.16
Proctofoam-HC,12.08
Proctosol-HC,1.69
Proctozone-HC,1.77
Prodigy Insulin Syringe,0.13
Prodigy Insulin Syringe,0.13
Prodigy Insulin Syringe,0.13
Progesterone,2.46
Progesterone,1.33
Proglycem,8.99
Prograf*,4.41
Prolastin C,0.49
Prolensa,73.15
Proleukin,2553.61
Prolia,997.19
Promacta,219.35
Promethazine HCl*,0.34
Promethazine Vc,0.22
Promethazine-Codeine,0.03
Promethazine-DM,0.02
Promethazine-Phenyleph-Codeine,0.28
Promethazine-Phenylephrine,0.23
Promethegan,8.37
Prometrium,5.19
Propafenone HCl,0.35
Propafenone HCl ER,5.51
Propantheline Bromide,0.84
Proparacaine HCl,2.19
Propranolol HCl ER,1.66
Propranolol HCl*,0.3
Propranolol-Hydrochlorothiazid,0.92
Propylthiouracil,0.67
Proquad,180.69
Proscar,4.26
Prosol,0.08
Prostin Vr Pediatric,12.36
Protonix,10.77
Protonix IV,2.16
Protopic,8.03
Protriptyline HCl,1.85
Proventil HFA,10.39
Provera,2.31
Provida DHA,1.7
Provida Ob,0.98
Provigil,40.84
Prozac,14.42
Psorcon,11.14
Pulmicort,8.41
Pulmicort Flexhaler,181.35
Pulmozyme,41.96
Purixan,11.33
Pylera,5.94
Pyrazinamide,2.69
Pyridium,3.21
Pyridostigmine Bromide,0.64
Pyridostigmine Bromide ER,14.62
Qbrelis,3.3
Qnasl,19.63
Qnasl Children,35.49
Qualaquin,6.33
Quasense,0.88
Qudexy XR,15.99
Questran,2.88
Questran Light,0.69
Quetiapine Fumarate,0.45
Quetiapine Fumarate ER,11.9
Quillichew ER,9.51
Quinapril HCl,0.27
Quinapril-Hydrochlorothiazide,0.66
Quinidine Gluconate*,5.91
Quinidine Sulfate,0.26
Quinine Sulfate,4.42
Qutenza,1034.33
Qvar,17.04
Rabavert,296.73
Rabeprazole Sodium,1.16
Radicava,5.55
Raloxifene HCl,3.3
Ramipril,0.26
Ranexa,5.97
Ranitidine HCl*,0.17
Rapaflo,6.72
Rapamune,23.27
Rasagiline Mesylate,14.97
Rasuvo,332.25
Ravicti,155.42
Rayaldee,31.13
Rayos,62.43
Razadyne,5.03
Razadyne ER,10.07
Rebif,1033.7
Rebif Rebidose,1039.43
Reclast,10.54
Reclipsen,0.54
Recombivax Hb,83.22
Rectiv,16.79
Reglan,2.21
Regonol,13.32
Regranex,64.86
Relenza,3.04
Relion Pen Needles,0.18
Relistor*,137.7
Relpax,45.44
Remeron,5.12
Remicade,885.21
Remodulin,444.99
Renacidin,0.13
Renagel,6.48
Renal Caps,0.49
Reno Caps,0.29
Renvela,5.81
Repaglinide,0.59
Repatha Pushtronex,346.46
Repatha Sureclick,555.73
Repatha Syringe,557.5
Requip,4.96
Requip XL,10.38
Rescriptor,2.31
Restasis,6.98
Restasis Multidose,83.72
Restoril,21.37
Retin-A,1.78
Retin-A Micro,13.17
Retin-A Micro Pump,17.74
Retrovir*,1.84
Revatio,35.8
Revlimid,553.48
Rexulti,31.46
Reyataz,41.81
Rhofade,15.81
Rhogam Ultra-Filtered Plus,108.76
Ribasphere,1.51
Ribavirin,1.39
Ridaura,21.49
Rifabutin,12.75
Rifadin*,3.26
Rifamate,5.59
Rifampin*,1.13
Rilutek,43.91
Riluzole,3.86
Rimantadine HCl,2.07
Rimso-50,9.21
Riomet,1.12
Risedronate Sodium,88.65
Risedronate Sodium Dr,34.78
Risperdal,14.32
Risperdal Consta,633.61
Risperidone,0.29
Risperidone ODT,3.68
Ritalin,1.11
Ritalin La,8.31
Rituxan,79.66
Rituxan Hycela,528.46
Rivastigmine,10.47
Rivastigmine,1.8
Rizatriptan,2.68
Robaxin*,2.11
Robaxin-750,2.06
Rocaltrol,1.18
Ropinirole ER,3.08
Ropinirole HCl,0.23
Rosadan,2.19
Rosuvastatin Calcium,1.35
Rowasa,406.64
Roweepra,0.2
Roxicodone,7.99
Rozerem,10.83
Rubraca,116.9
Rydapt,136.03
Rytary,2.51
Rythmol SR,11.41
Ryvent,3.89
Sabril,108.84
Safetyglide Insulin Syringe,0.43
Safetyglide Insulin Syringe,0.43
Safetyglide Insulin Syringe,0.42
Safetyglide Syringe,0.41
Safyral,5.36
Saizen,756.07
Salagen,1.65
Salex,2.23
Salicylic Acid,2.89
Salsalate,1.29
Samsca,363.66
Sancuso,468.4
Sandimmune*,6.89
Sandostatin,109.03
Sandostatin Lar Depot,4100.3
Santyl,7.11
Saphris,16.57
Sarafem,15.07
Savaysa,9.7
Savella,4.56
Scopolamine,15.44
Se-Natal 19,0.6
Se-Natal-19,0.46
Seasonique,3.15
Seebri Neohaler,6.62
Select-Ob + DHA,1.69
Selegiline HCl,1.4
Selenium Sulfide,0.12
Selzentry,21.91
Semprex-D,3.83
Sensipar,35.44
Sensorcaine,0.18
Sensorcaine-MPF,0.34
Serevent Diskus,5.21
Sernivo,6.53
Seroquel,10.57
Seroquel XR,17.89
Serostim,423.24
Sertraline HCl,0.17
Setlakin,0.7
Sevelamer Carbonate,4.58
Sf,0.1
Sf 5000 Plus,0.11
Sfrowasa,0.79
Sharobel,0.54
Shingrix,146.93
Signifor,209.67
Signifor Lar,11414.68
Sildenafil Citrate,2.84
Silenor,12.13
Siliq,1188.66
Silvadene,0.19
Silver Nitrate,0.07
Silver Sulfadiazine,0.17
Simbrinza,16.17
Simponi,7155.81
Simponi Aria,371.2
Simvastatin,0.14
Sinemet 10-100,0.99
Sinemet 25-100,1.16
Sinemet 25-250,1.48
Sinemet Cr,1.91
Single Use Swab,0.04
Singulair,6.71
Sirolimus,11.08
Sirturo,162.15
Sivextro*,310.24
Skelaxin,7.5
Sklice,2.71
Skyla,692.83
Smoflipid,0.08
Sodium Acetate,0.04
Sodium Bicarbonate,0.24
Sodium Chloride,0.08
Sodium Chloride,0.01
Sodium Chloride,0.01
Sodium Chloride,0.02
Sodium Chloride,0.07
Sodium Chloride,0.01
Sodium Chloride*,0.02
Sodium Citrate-Citric Acid,0.03
Sodium Phenylbutyrate,17.21
Sodium Phosphate,0.09
Sodium Polystyrene Sulfonate*,0.16
Sodium Sulfacetamide-Sulfur,0.55
Sodium Sulfacetamide-Sulfur,2.22
Soliqua 100-33,41.81
Soliris,214.08
Solodyn,35.14
Solu-Cortef,1.41
Solu-Cortef,3.8
Solu-Medrol,1.72
Solu-Medrol*,2.78
Soma,8.81
Somatuline Depot,14806.9
Somavert,328.64
Sonata,7.79
Soolantra,9.96
Soriatane,45.35
Sorilux,10.59
Sorine,0.19
Sotalol,0.2
Sotalol Af,0.37
Sotylize,1.58
Sovaldi,1008.51
Spiriva,11.18
Spiriva Respimat,78.91
Spironolactone,0.2
Spironolactone-HCTZ,0.92
Sporanox,2.96
Sprintec,0.42
Spritam,7.66
Sprix,298.72
Sprycel,300.74
Sps*,0.13
Sronyx,0.58
Ssd,0.14
Stalevo 100,6.19
Stalevo 125,6.2
Stalevo 150,6.18
Stalevo 200,6.18
Stalevo 50,6.19
Stalevo 75,6.25
Stamaril,173.68
Starlix,2.96
Stavudine,1.38
Stelara*,17401.97
Sterile Pads,0.15
Stimate,270.38
Stiolto Respimat,80.46
Stivarga,163.56
Strattera,12.97
Strensiq,5909.82
Streptomycin Sulfate,8.54
Striant,9.44
Stribild,93.6
Striverdi Respimat,40.83
Stromectol,5.01
Suboxone,7.51
Subsys,99.15
Sucraid,32.18
Sucralfate,0.27
Sular,19.49
Sulfacetamide Sodium*,2.2
Sulfacetamide-Prednisolone,2.35
Sulfadiazine,3.43
Sulfamethoxazole-Trimethoprim*,0.27
Sulfamylon,3.58
Sulfasalazine,0.18
Sulfasalazine Dr,0.27
Sulfatrim,0.17
Sulindac,0.26
Sumatriptan,41.43
Sumatriptan Succinate*,9.31
Suprax,23.1
Suprep,0.24
Sure Comfort,0.28
Sure Comfort,0.27
Sure Comfort,0.26
Sure Comfort,0.27
Sure Comfort Alcohol,0.07
Sure Comfort Insulin Syringe,0.29
Sure Comfort Insulin Syringe,0.28
Sure Comfort Insulin Syringe,0.29
Sure-Fine Pen Needles,0.31
Sure-Ject Insulin Syringe,0.33
Sure-Ject Insulin Syringe,0.3
Sure-Ject Insulin Syringe,0.27
Sure-Prep Alcohol Prep Pads,0.13
Surmontil,6.41
Sustiva,30.41
Sustol,1225.49
Sutent,391.75
Syeda,1.49
Sylatron,2157.93
Sylvant,857.57
Symbicort,27.93
Symbyax,14.79
Symlinpen 120,156.78
Symlinpen 60,236.77
Symproic,10.54
Synagis,2697.78
Synalar,3.28
Synarel,266.89
Syndros,32.59
Synera,14.88
Synercid,13.49
Synjardy,6.49
Synjardy XR,10.24
Synribo,926.72
Synthroid,0.83
Syprine,215.22
Tabloid,22.19
Taclonex,13.63
Tacrolimus*,2.15
Tafinlar,76.72
Tagrisso,456.85
Taltz Autoinjector,4570.33
Taltz Autoinjector (2 Pack),4553.48
Taltz Autoinjector (3 Pack),4547.57
Taltz Syringe,4584.64
Tamiflu,13.06
Tamoxifen Citrate,0.62
Tamsulosin HCl,0.47
Tanzeum,109.93
Tapazole,1.78
Tarceva,212.05
Targadox,11.61
Targretin*,296.47
Tarina Fe,0.73
Tarka,4.21
Taron-C DHA,0.87
Taron-Prex Prenatal,1.37
Tasigna,95.07
Tasmar,95.75
Taytulla,5.53
Tazarotene,9.23
Tazicef*,1.77
Tazorac,10.52
Taztia Xt,0.79
Tdvax,59.46
Tecentriq,440.64
Tecfidera,104.81
Techlite Pen Needle,0.3
Teflaro,7.11
Tegretol,1.87
Tegretol XR,2.12
Tekturna,6.31
Tekturna HCT,6.64
Telmisartan,1.32
Telmisartan-Amlodipine,3.54
Telmisartan-Hydrochlorothiazid,2.82
Temazepam,0.43
Temovate,7.29
Tencon,0.72
Tenivac,69.69
Tenofovir Disoproxil Fumarate,29.98
Tenoretic 100,7.87
Tenoretic 50,11.31
Tenormin,11.58
Terazosin HCl,0.16
Terbinafine HCl,0.28
Terbutaline Sulfate*,3.57
Terconazole,2.3
Terumo Insulin Syringe,0.18
Terumo Insulin Syringe,0.19
Testim,3.16
Testopel,89.57
Testosterone,2.23
Testosterone Cypionate,9.99
Testosterone Enanthate,12.49
Tetrabenazine,80
Tetracaine HCl*,3.65
Tetracycline HCl,3.78
Texacort,5.91
Thalomid,235.23
Theo-24,2.63
Theophylline,1
Theophylline Anhydrous,0.99
Thiola,28.77
Thioridazine HCl,0.58
Thiothixene,1.29
Thyrogen,1584.95
Thyroid,0.56
Tiagabine HCl,5.06
Tiazac,2.88
Tigan*,14.71
Tigecycline,4.52
Tikosyn,7.45
Tilia Fe,1.21
Timolol Maleate*,3.9
Timoptic,22.98
Timoptic Ocudose,6.43
Timoptic-Xe,35.24
Tinidazole,4.52
Tirosint,3.67
Tivicay,47.81
Tivorbex,3.85
Tizanidine HCl,0.3
Tobi Podhaler,39.6
Tobradex,57.48
Tobradex St,35.76
Tobramycin,1.67
Tobramycin,16.82
Tobramycin Sulfate,1.42
Tobramycin-Dexamethasone,16.73
Tobrex,51.52
Tofranil,13.4
Tolak,4.41
Tolazamide,2.2
Tolbutamide,0.88
Tolcapone,83.65
Tolmetin Sodium,2.71
Tolterodine Tartrate,1.9
Tolterodine Tartrate ER,5.06
Topamax,11.96
Topcare Clickfine,0.2
Topcare Ultra Comfort,0.15
Topcare Ultra Comfort,0.15
Topicort,5.33
Topiramate,0.17
Topiramate ER,10.48
Toposar,1.43
Topotecan HCl,204.52
Toprol XL,0.6
Torisel,1633.51
Torsemide,0.25
Toujeo Solostar,74.44
Toviaz,8.51
Tracleer,158.04
Tradjenta,11.79
Tramadol HCl,0.09
Tramadol HCl ER,3.01
Tramadol HCl-Acetaminophen,0.26
Trandolapril,0.36
Trandolapril-Verapamil ER,3.25
Tranexamic Acid*,3.31
Transderm-Scop,19.99
Tranxene T-Tab,6.23
Tranylcypromine Sulfate,1.94
Travasol,0.03
Travatan Z,57.86
Trazodone HCl,0.17
Treanda,2248.31
Trecator,4.18
Trelegy Ellipta,8.59
Trelstar,2268.43
Tremfya,9766.13
Tresiba Flextouch U-100,29.33
Tresiba Flextouch U-200,58.87
Tretinoin Microsphere,8.91
Tretinoin*,3.83
Trexall,22.95
Treximet,80.8
Trezix,3.45
Tri-Estarylla,0.5
Tri-Legest Fe,1.39
Tri-Linyah,0.46
Tri-Lo-Estarylla,0.88
Tri-Lo-Marzia,1.03
Tri-Lo-Sprintec,0.98
Tri-Previfem,0.48
Tri-Sprintec,0.44
Triamcinolone Acetonide*,0.58
Triamterene-Hydrochlorothiazid,0.21
Trianex,2
Triazolam,1.16
Tribenzor,8.32
Tricare,0.9
Tricitrates,0.06
Tricor,0.92
Triderm,4.01
Triesence,112.38
Trifluoperazine HCl,1.08
Trifluridine,16.86
Triglide,9.68
Trihexyphenidyl HCl,0.16
Trileptal,7.99
Trilipix,6.89
Trilyte With Flavor Packets,0
Trimethobenzamide HCl*,1.28
Trimethoprim,0.38
Trimipramine Maleate,4.64
Trinatal Rx 1,0.22
Trinessa,0.47
Trinessa Lo,0.64
Trintellix,11.14
Triphrocaps,0.41
Tristart DHA,3.41
Triumeq,81.03
Triveen-Duo DHA,0.51
Trivora-28,0.6
Trizivir,26.46
Trokendi XR,18.34
Tropicamide,1.97
Trospium Chloride,1.38
Trospium Chloride ER,4.62
Trueplus Insulin Syringe,0.21
Trueplus Insulin Syringe,0.2
Trueplus Insulin Syringe,0.2
Trueplus Pen Needle,0.23
Trulance,11.78
Trulicity,291.64
Trumenba,148.32
Trusopt,7.93
Truvada,49.14
Tudorza Pressair,284.82
Twinrix,112.85
Twynsta,6.24
Tybost,6.54
Tygacil,8.38
Tykerb,44.44
Tylenol-Codeine No.3,1.18
Tylenol-Codeine No.4,2.08
Tymlos,1060.81
Typhim Vi,111.85
Tysabri,371.88
Tyvaso Refill Kit,190.98
Uceris*,50.44
Uloric,9.13
Ulticare,0.31
Ulticare,0.31
Ulticare,0.25
Ulticare,0.25
Ulticare,0.25
Ulticare Insulin Syringe,0.27
Ulticare Insulin Syringe,0.25
Ulticare Insulin Syringe,0.26
Ulticare Insulin Syringe,0.26
Ulticare Pen Needle,0.37
Ultilet Insulin Syringe,0.24
Ultra Comfort,0.14
Ultra Comfort,0.22
Ultra Comfort,0.18
Ultra Comfort,0.18
Ultra-Fine Micro Pen Needle,0.4
Ultra-Fine Mini Pen Needle,0.36
Ultra-Fine Nano Pen Needle,0.4
Ultra-Fine Original Pen Needle,0.38
Ultra-Fine Short Pen Needle,0.35
Ultra-Thin II,0.29
Ultra-Thin II,0.27
Ultra-Thin II,0.27
Ultra-Thin II,0.26
Ultracet,2.41
Ultram,2.68
Ultravate,15.15
Unasyn,0.87
Unifine Pentips,0.24
Unifine Pentips Plus,0.24
Unithroid,0.61
Uptravi,209.71
Urea,0.84
Urecholine,5.02
Uribel,2.17
Urin D.S.,0.46
Uro-Mp,1.96
Urocit-K,2.88
Urogesic-Blue,3.23
Uroxatral,18.22
Urso,3.77
Urso Forte,5.74
Ursodiol,3.21
Ustell,2.21
Utibron Neohaler,5.73
Utira-C,4.07
V-Go 20,9.63
V-Go 30,9.65
V-Go 40,9.66
Vagifem,19.23
Valacyclovir,1.16
Valchlor,56.55
Valcyte,52.83
Valganciclovir HCl,42.77
Valium,5.92
Valproate Sodium,0.89
Valproic Acid,0.26
Valproic Acid,0.05
Valsartan,0.99
Valsartan-Hydrochlorothiazide,0.56
Valstar,223.14
Valtrex,12.88
Vanatol Lq,2.41
Vanatol S,2.83
Vancocin HCl,59.48
Vancomycin,0.09
Vancomycin HCl,0.13
Vancomycin HCl*,4.07
Vancomycin HCl-0.9% NaCl,0.13
Vancomycin HCl-D5W,0.08
Vandazole,0.91
Vanishpoint,0.68
Vanishpoint,0.71
Vanos,25.56
Vantas,3401.75
Vaqta,97.47
Varivax Vaccine,130.07
Varubi,271.9
Vascepa,1.96
Vaseretic,12.52
Vasotec,18.71
Vecamyl,62.21
Vectibix,217.19
Vectical,1.88
Velcade,1628.44
Veletri,47.05
Velivet,0.77
Velphoro,10.68
Veltassa,22.05
Vemlidy,33.53
Venclexta,77.9
Venclexta Starting Pack,45.79
Venlafaxine HCl,0.45
Venlafaxine HCl ER,0.44
Ventavis,130.25
Ventolin HFA,2.79
Veo Insulin Syringe,0.19
Veo Insulin Syringe,0.27
Veo Insulin Syringe,0.23
Veo Insulin Syringe,0.21
Verapamil ER,0.44
Verapamil ER PM,1.68
Verapamil HCl*,0.88
Verapamil SR,1.09
Veregen,37.55
Verelan,6.58
Verelan PM,6.68
Versacloz,7.91
Verzenio,199.67
Vesicare,9.35
Vfend,71.25
Vfend IV,25.75
Viagra,47.13
Vibativ,10.67
Viberzi,16.71
Vibramycin,0.74
Vibramycin,8.5
Vicodin,1.22
Vicodin Es,1.33
Vicodin HP,1.65
Victoza 2-Pak,78.83
Victoza 3-Pak,77.74
Vidaza,588.65
Videx EC,7.89
Vienva,0.49
Vigabatrin,95.52
Vigamox,49.17
Viibryd,6.96
Vimizim,220.84
Vimovo,30.41
Vimpat*,11.02
Vinblastine Sulfate,3.43
Vincristine Sulfate,5.8
Vinorelbine Tartrate,14.82
Viokace,4.52
Viorele,0.93
Viracept,8.25
Viramune,11.98
Viramune XR,23.04
Viread,33.62
Virt-C DHA,1.14
Virt-Caps,0.35
Virt-Nate DHA,3.08
Virt-Pn,1.35
Virt-Pn DHA,1.8
Virt-Pn Plus,1.99
Vistaril,2.57
Vitafol Fe+,1.83
Vitafol Gummies,1.22
Vitafol Nano,3.37
Vitafol Ultra,3.42
Vitafol-Ob,3.07
Vitafol-Ob+DHA,1.85
Vitafol-One,3.35
Vitamedmd One Rx,3.49
Vitamin D2,0.64
Vivelle-Dot,13.71
Vivitrol,1320.92
Vivlodex,20.67
Vol-Plus,0.49
Voltaren,0.49
Voriconazole*,16.13
Vosevi,886.12
Votrient,88.56
Vp-PNV-DHA,1.63
Vpriv,1394.02
Vraylar,35.32
Vusion,10.15
Vyfemla,0.84
Vytorin,8.6
Vyvanse,8.29
Vyzulta,69.93
Warfarin Sodium,0.24
Water,0.01
Webcol,0.01
Welchol,4.54
Wellbutrin SR,6.98
Wellbutrin XL,40.54
Wera,0.66
Wymzya Fe,1.73
Xadago,22.76
Xalatan,59.24
Xalkori,239.81
Xanax,4.32
Xanax XR,7.99
Xarelto,11.72
Xatmep,16.27
Xeljanz,54.97
Xeljanz XR,121.77
Xenazine,136.89
Xenical,6.02
Xeomin,458.69
Xerese,203.73
Xermelo,63.54
Xgeva,1189.54
Xiaflex,3698.77
Xifaxan,30.58
Xigduo XR,9.16
Xiidra,7.25
Xolair,969.86
Xopenex,2.73
Xopenex Concentrate,6
Xopenex HFA,4.4
Xtampza ER,6.58
Xtandi,78.54
Xulane,33.3
Xultophy 100-3.6,62.81
Xylocaine With Epinephrine,0.21
Xylocaine*,0.23
Xylocaine-MPF,1.85
Xyrem,21.81
Yasmin 28,3.58
Yaz,3.6
Yervoy,666.98
Yf-Vax,149.09
Yondelis,1667.33
Yosprala,4.93
Yuvafem,17.09
Zafirlukast,1.43
Zaleplon,0.68
Zaltrap,413.09
Zanaflex,2.95
Zantac*,6.66
Zarah,1.29
Zarontin,2.59
Zarxio,553.1
Zatean-Pn DHA,1.79
Zatean-Pn Plus,1.83
Zavesca,297.69
Zebutal,1.7
Zegerid,66.15
Zejula,168.91
Zelapar,61.98
Zelboraf,45.95
Zemaira,0.53
Zembrace Symtouch,299.65
Zemplar*,14.3
Zenatane,7.75
Zenpep,4.35
Zenzedi,5.58
Zepatier,657.77
Zerbaxa,3.64
Zerit,7.19
Zestoretic,11.69
Zestril,11.8
Zetia,8.76
Zetonna,35.06
Ziac,5.13
Ziagen,4.53
Ziana,11.87
Zidovudine,0.58
Zileuton ER,23.33
Zinplava,67.95
Zioptan,5.28
Ziprasidone HCl,1.73
Zipsor,7.56
Zirgan,58.12
Zithromax Tri-Pak,45.38
Zithromax*,24.05
Zocor,5.89
Zohydro ER,8.27
Zoladex,1194.04
Zoledronic Acid,62.64
Zoledronic Acid,5.2
Zolinza,105.78
Zolmitriptan,9.46
Zolmitriptan ODT,10.21
Zoloft,7.7
Zolpidem Tartrate ER,2.06
Zolpidem Tartrate*,0.32
Zomacton,371.47
Zometa,9.02
Zomig Zmt,84.5
Zomig*,63.76
Zonalon,13.81
Zonegran,12.21
Zonisamide,0.25
Zontivity,9.59
Zorbtive,1052.26
Zortress,16.39
Zorvolex,3.21
Zostavax,218.91
Zosyn,2.6
Zosyn,0.46
Zovia 1-35e,0.66
Zovirax*,131.32
Zubsolv,7.7
Zuplenz,28.73
Zurampic,11.95
Zyban,3.67
Zyclara,117.21
Zydelig,151.74
Zyflo,26.9
Zyflo Cr,26.74
Zykadia,97.72
Zylet,40.97
Zyloprim,2.91
Zymaxid,37.21
Zyprexa Relprevv,1002.29
Zyprexa Zydis,26.58
Zyprexa*,22.67
Zytiga,73.69
Zyvox,153.17
Zyvox,0.36
